S.N.,jobTitle,gender,age,perfEval,edu,dept,seniority,basePay,bonus,TotalComp
1,Graphic Designer,Female,18,5,College,Operations,2,42363,9938,52301
2,Software Engineer,Male,21,5,College,Management,5,108476,11128,119604
3,Warehouse Associate,Female,19,4,PhD,Administration,5,90208,9268,99476
4,Software Engineer,Male,20,5,Masters,Sales,4,108080,10154,118234
5,Graphic Designer,Male,26,5,Masters,Engineering,5,99464,9319,108783
6,IT,Female,20,5,PhD,Operations,4,70890,10126,81016
7,Graphic Designer,Female,20,5,College,Sales,4,67585,10541,78126
8,Software Engineer,Male,18,4,PhD,Engineering,5,97523,10240,107763
9,Graphic Designer,Female,33,5,High School,Engineering,5,112976,9836,122812
10,Sales Associate,Female,35,5,College,Engineering,5,106524,9941,116465
11,Graphic Designer,Male,24,5,PhD,Engineering,5,102261,10212,112473
12,Driver,Female,18,5,College,Management,3,62759,10124,72883
13,Financial Analyst,Female,19,5,College,Sales,3,84007,8990,92997
14,Warehouse Associate,Female,30,5,Masters,Administration,5,86220,9583,95803
15,Warehouse Associate,Female,35,5,PhD,Operations,4,95584,9745,105329
16,Marketing Associate,Female,27,5,PhD,Management,3,73357,10334,83691
17,Financial Analyst,Female,23,5,PhD,Administration,5,88422,10768,99190
18,Warehouse Associate,Female,24,5,College,Administration,5,99545,9949,109494
19,Sales Associate,Male,21,5,High School,Engineering,5,90386,9461,99847
20,Data Scientist,Female,30,5,College,Engineering,5,92067,9838,101905
21,Warehouse Associate,Male,36,5,PhD,Engineering,5,108446,9210,117656
22,Financial Analyst,Male,24,5,PhD,Sales,3,83323,9329,92652
23,Warehouse Associate,Male,24,5,PhD,Sales,3,85205,9792,94997
24,Driver,Female,35,5,College,Management,1,72038,9031,81069
25,Software Engineer,Male,21,4,PhD,Engineering,5,132823,9625,142448
26,Graphic Designer,Female,26,5,College,Engineering,2,71182,10015,81197
27,Software Engineer,Male,19,5,Masters,Administration,4,100305,9618,109923
28,Graphic Designer,Male,35,5,PhD,Management,3,88566,9469,98035
29,Warehouse Associate,Male,34,5,PhD,Engineering,4,104271,10177,114448
30,IT,Female,38,5,College,Administration,5,112392,10504,122896
31,Software Engineer,Male,20,5,Masters,Management,2,66359,10137,76496
32,Sales Associate,Male,35,5,Masters,Management,5,103007,10512,113519
33,Marketing Associate,Female,26,5,PhD,Operations,4,80306,9233,89539
34,Data Scientist,Female,22,5,High School,Engineering,3,74523,9972,84495
35,Data Scientist,Female,45,5,PhD,Management,5,113252,10139,123391
36,Software Engineer,Male,27,5,PhD,Management,4,96040,10050,106090
37,Software Engineer,Male,21,5,High School,Management,4,91674,9780,101454
38,Software Engineer,Male,31,5,High School,Operations,3,92928,9094,102022
39,IT,Female,33,5,College,Management,4,84638,9409,94047
40,IT,Male,19,5,College,Administration,4,78986,9023,88009
41,Data Scientist,Male,29,5,PhD,Administration,5,96355,9784,106139
42,Data Scientist,Male,32,5,PhD,Management,3,87121,8703,95824
43,Software Engineer,Male,31,5,PhD,Sales,2,88724,8949,97673
44,Warehouse Associate,Male,22,5,Masters,Engineering,2,58219,9868,68087
45,Software Engineer,Male,25,5,Masters,Sales,5,119024,11293,130317
46,Software Engineer,Male,22,5,Masters,Management,3,81503,9729,91232
47,Data Scientist,Female,21,5,PhD,Operations,3,70643,10033,80676
48,Graphic Designer,Female,26,5,PhD,Sales,3,74167,10346,84513
49,Marketing Associate,Male,21,5,College,Management,5,86886,9424,96310
50,IT,Female,22,5,High School,Sales,4,102120,10215,112335
51,Sales Associate,Male,18,4,Masters,Operations,5,90780,9353,100133
52,Software Engineer,Male,18,4,Masters,Operations,4,89474,9104,98578
53,Marketing Associate,Female,35,5,PhD,Engineering,5,97376,9564,106940
54,Data Scientist,Female,33,5,Masters,Sales,2,89415,9654,99069
55,Software Engineer,Female,22,4,Masters,Operations,3,88037,8949,96986
56,Data Scientist,Female,24,4,College,Administration,4,71105,8623,79728
57,Driver,Female,31,5,High School,Engineering,2,62692,8886,71578
58,Software Engineer,Male,40,5,PhD,Management,4,112466,9493,121959
59,Data Scientist,Female,49,5,College,Operations,3,71193,8331,79524
60,Marketing Associate,Female,20,5,Masters,Administration,4,76286,9479,85765
61,Financial Analyst,Male,18,5,PhD,Engineering,4,97328,9874,107202
62,Graphic Designer,Male,34,5,Masters,Management,3,86766,9841,96607
63,Warehouse Associate,Female,41,5,College,Operations,2,82453,9564,92017
64,Software Engineer,Male,19,5,PhD,Administration,3,88814,10153,98967
65,Driver,Male,31,5,College,Management,4,82832,9958,92790
66,Sales Associate,Female,33,5,High School,Engineering,3,83034,8841,91875
67,Warehouse Associate,Female,53,5,College,Engineering,5,127085,9687,136772
68,Sales Associate,Male,24,5,High School,Administration,1,66168,9242,75410
69,Data Scientist,Male,18,5,PhD,Administration,4,59212,10209,69421
70,Data Scientist,Male,18,5,High School,Operations,2,55189,9405,64594
71,Manager,Male,25,5,College,Engineering,5,131311,11067,142378
72,Sales Associate,Female,31,5,College,Management,1,52633,9516,62149
73,Warehouse Associate,Female,31,4,PhD,Operations,5,101154,10324,111478
74,Financial Analyst,Female,42,5,College,Engineering,5,113640,8762,122402
75,Data Scientist,Male,22,4,High School,Management,2,50401,8590,58991
76,Marketing Associate,Female,23,5,PhD,Administration,3,46263,9432,55695
77,Warehouse Associate,Female,36,4,College,Management,3,74938,8234,83172
78,Marketing Associate,Female,39,5,College,Sales,5,103384,9168,112552
79,Warehouse Associate,Female,39,5,College,Engineering,2,77584,9798,87382
80,Graphic Designer,Male,23,5,Masters,Management,3,83031,10240,93271
81,Financial Analyst,Male,29,5,Masters,Engineering,5,111019,10042,121061
82,Warehouse Associate,Female,25,3,Masters,Engineering,4,80192,8747,88939
83,Warehouse Associate,Male,21,5,PhD,Management,1,48755,9931,58686
84,Warehouse Associate,Male,28,5,High School,Engineering,2,59044,9368,68412
85,Manager,Male,29,4,PhD,Engineering,5,146615,10173,156788
86,Data Scientist,Female,32,5,PhD,Engineering,1,46693,8457,55150
87,IT,Female,48,5,PhD,Operations,3,88152,8857,97009
88,Data Scientist,Female,38,5,Masters,Administration,5,127156,9979,137135
89,Graphic Designer,Male,31,5,PhD,Engineering,1,69462,8872,78334
90,Manager,Male,19,4,PhD,Sales,5,119162,9395,128557
91,Software Engineer,Male,26,5,PhD,Operations,2,68466,8384,76850
92,Financial Analyst,Female,36,5,Masters,Administration,3,92622,8509,101131
93,Marketing Associate,Female,34,5,Masters,Engineering,1,51331,9130,60461
94,Warehouse Associate,Male,49,5,High School,Sales,4,109419,8375,117794
95,Software Engineer,Male,18,5,College,Operations,3,80355,9945,90300
96,Driver,Female,21,4,Masters,Sales,4,77032,8725,85757
97,Financial Analyst,Female,47,5,High School,Sales,5,146190,8961,155151
98,Graphic Designer,Female,22,4,Masters,Administration,4,96045,9129,105174
99,Software Engineer,Male,29,5,High School,Management,1,82534,8914,91448
100,IT,Male,55,5,College,Management,5,127769,8802,136571
101,Marketing Associate,Female,34,5,High School,Sales,5,96061,9093,105154
102,Warehouse Associate,Female,48,5,College,Management,5,111342,10122,121464
103,Financial Analyst,Female,43,5,PhD,Management,3,117554,8369,125923
104,Financial Analyst,Female,30,5,High School,Engineering,5,109369,10052,119421
105,Warehouse Associate,Female,25,4,Masters,Operations,4,92358,9611,101969
106,Financial Analyst,Female,21,4,Masters,Operations,4,91978,8647,100625
107,Sales Associate,Male,28,5,PhD,Administration,1,52290,9330,61620
108,IT,Male,18,5,High School,Engineering,1,47036,9130,56166
109,Warehouse Associate,Male,46,5,PhD,Sales,1,76517,8502,85019
110,Marketing Associate,Female,29,4,Masters,Administration,5,89822,8818,98640
111,Driver,Male,32,4,PhD,Engineering,4,90368,8215,98583
112,Financial Analyst,Male,26,5,College,Engineering,4,106194,9421,115615
113,Warehouse Associate,Female,51,5,High School,Management,3,87684,8645,96329
114,Marketing Associate,Female,40,5,Masters,Administration,3,62040,8056,70096
115,Sales Associate,Female,52,5,Masters,Engineering,2,84132,7204,91336
116,Financial Analyst,Female,29,4,Masters,Administration,4,88047,8459,96506
117,Driver,Female,37,5,Masters,Administration,2,65012,8357,73369
118,Marketing Associate,Female,23,4,Masters,Engineering,4,59251,8596,67847
119,Graphic Designer,Female,18,4,PhD,Operations,3,78462,8743,87205
120,Driver,Male,40,5,College,Management,2,97414,8833,106247
121,Driver,Female,18,4,Masters,Administration,2,42722,8515,51237
122,Marketing Associate,Female,26,4,College,Management,3,63695,8897,72592
123,Data Scientist,Male,51,5,PhD,Operations,4,110731,8643,119374
124,Software Engineer,Male,54,5,PhD,Administration,4,125572,8245,133817
125,Driver,Male,49,5,Masters,Operations,2,72754,8014,80768
126,IT,Female,26,5,College,Administration,2,53956,9454,63410
127,Sales Associate,Male,58,5,High School,Engineering,5,135013,8972,143985
128,IT,Female,49,5,College,Management,3,108495,8668,117163
129,Financial Analyst,Female,27,4,High School,Administration,4,87608,7511,95119
130,Data Scientist,Male,38,5,College,Administration,5,101173,9255,110428
131,IT,Male,53,5,PhD,Management,5,126828,9310,136138
132,Financial Analyst,Male,49,5,High School,Engineering,4,102716,8290,111006
133,Marketing Associate,Male,26,4,High School,Engineering,5,77793,8700,86493
134,Marketing Associate,Female,44,5,High School,Sales,1,57469,7539,65008
135,Graphic Designer,Male,33,5,Masters,Management,3,83758,8498,92256
136,Graphic Designer,Male,22,5,PhD,Administration,1,40187,8549,48736
137,Financial Analyst,Male,41,5,Masters,Engineering,3,98531,6855,105386
138,Financial Analyst,Male,26,4,College,Operations,4,104435,7802,112237
139,Data Scientist,Male,29,5,High School,Administration,1,67617,9075,76692
140,Driver,Female,24,4,High School,Administration,5,91049,10375,101424
141,Manager,Female,32,5,PhD,Operations,1,98519,8943,107462
142,Marketing Associate,Female,36,4,High School,Operations,5,91713,7627,99340
143,Warehouse Associate,Female,41,4,Masters,Engineering,3,88994,8873,97867
144,Financial Analyst,Male,44,5,Masters,Administration,4,119381,9345,128726
145,Financial Analyst,Female,43,5,High School,Sales,5,113180,9089,122269
146,Warehouse Associate,Male,48,5,PhD,Management,2,68639,9553,78192
147,Software Engineer,Female,28,3,PhD,Engineering,4,103763,8383,112146
148,Software Engineer,Male,40,5,College,Management,1,68295,7902,76197
149,Manager,Male,21,4,High School,Engineering,3,103107,9036,112143
150,Warehouse Associate,Female,19,4,College,Sales,2,64844,9042,73886
151,Driver,Female,61,5,PhD,Sales,4,129132,8472,137604
152,Warehouse Associate,Female,57,5,High School,Engineering,3,93470,8578,102048
153,Data Scientist,Male,28,4,Masters,Administration,5,97625,7985,105610
154,Graphic Designer,Female,52,5,College,Administration,1,66529,7067,73596
155,Data Scientist,Female,48,5,Masters,Management,1,100115,7679,107794
156,Warehouse Associate,Female,57,5,PhD,Administration,2,86423,8058,94481
157,Sales Associate,Male,30,4,Masters,Sales,5,115165,8841,124006
158,Data Scientist,Female,53,5,Masters,Engineering,5,133495,8552,142047
159,Marketing Associate,Male,47,5,Masters,Operations,3,86516,8049,94565
160,IT,Male,18,4,Masters,Administration,4,69855,8347,78202
161,Sales Associate,Female,35,4,PhD,Sales,1,84844,7205,92049
162,Graphic Designer,Female,51,5,College,Operations,3,108241,8602,116843
163,Warehouse Associate,Female,51,5,High School,Sales,3,106478,8744,115222
164,Financial Analyst,Male,38,4,College,Management,5,114421,7444,121865
165,Software Engineer,Male,24,4,Masters,Management,1,79208,8602,87810
166,Software Engineer,Male,49,5,Masters,Administration,5,142105,9653,151758
167,Sales Associate,Male,22,5,High School,Administration,1,57783,9306,67089
168,Marketing Associate,Female,33,5,High School,Operations,2,46903,8130,55033
169,Financial Analyst,Male,36,5,Masters,Operations,1,71858,7475,79333
170,Marketing Associate,Female,27,5,High School,Management,1,44325,8867,53192
171,Driver,Male,39,5,High School,Engineering,4,100183,8832,109015
172,Graphic Designer,Male,19,4,Masters,Sales,1,61000,8872,69872
173,Software Engineer,Male,59,5,Masters,Engineering,1,109623,6897,116520
174,Marketing Associate,Female,20,3,PhD,Sales,5,60070,8273,68343
175,IT,Female,29,4,Masters,Management,3,72542,8109,80651
176,Driver,Male,54,5,PhD,Administration,4,110049,8928,118977
177,IT,Female,30,4,Masters,Engineering,2,80981,8201,89182
178,IT,Female,42,5,College,Operations,2,83499,8950,92449
179,Driver,Female,42,4,Masters,Management,4,106788,8974,115762
180,Warehouse Associate,Female,50,4,Masters,Engineering,5,108922,8477,117399
181,IT,Female,43,5,PhD,Administration,5,127062,9619,136681
182,Software Engineer,Male,64,5,College,Sales,4,120593,7573,128166
183,Manager,Male,23,4,PhD,Administration,1,90685,8816,99501
184,Marketing Associate,Female,33,5,High School,Engineering,1,49830,8543,58373
185,Software Engineer,Male,39,4,High School,Sales,4,106896,7918,114814
186,Sales Associate,Male,58,5,PhD,Sales,2,129425,7524,136949
187,Marketing Associate,Female,24,3,Masters,Operations,5,82338,7414,89752
188,Marketing Associate,Female,37,4,PhD,Administration,3,86036,7567,93603
189,Graphic Designer,Male,53,5,High School,Operations,2,93073,8188,101261
190,Software Engineer,Male,33,5,PhD,Administration,2,87352,8435,95787
191,Software Engineer,Male,56,5,PhD,Administration,5,139760,9229,148989
192,Financial Analyst,Female,52,5,High School,Engineering,2,100070,7169,107239
193,Warehouse Associate,Male,40,5,Masters,Sales,4,102815,9090,111905
194,Software Engineer,Male,43,4,PhD,Management,5,101262,7794,109056
195,Data Scientist,Male,19,5,High School,Operations,2,58054,9585,67639
196,Sales Associate,Female,53,4,Masters,Operations,5,129609,7392,137001
197,Sales Associate,Male,44,5,Masters,Administration,2,100091,9185,109276
198,Manager,Male,23,4,Masters,Sales,3,103479,7850,111329
199,Driver,Female,51,5,College,Operations,1,72827,7285,80112
200,IT,Male,20,4,PhD,Engineering,2,74073,8509,82582
201,Financial Analyst,Male,47,5,College,Administration,2,64852,8023,72875
202,Graphic Designer,Male,49,5,College,Management,4,106887,8347,115234
203,Software Engineer,Male,26,4,College,Administration,2,77309,7957,85266
204,Graphic Designer,Female,44,4,High School,Administration,4,100416,7513,107929
205,Software Engineer,Male,18,3,Masters,Engineering,2,88482,7385,95867
206,Data Scientist,Female,32,4,College,Management,4,78623,9012,87635
207,Sales Associate,Male,18,4,High School,Management,4,80135,9007,89142
208,Warehouse Associate,Female,63,5,High School,Sales,2,106158,7654,113812
209,Graphic Designer,Female,37,4,College,Engineering,4,89411,9522,98933
210,Graphic Designer,Male,22,4,Masters,Sales,2,57398,7827,65225
211,Marketing Associate,Female,64,5,PhD,Sales,2,95687,7279,102966
212,Graphic Designer,Female,39,4,PhD,Operations,5,120294,8090,128384
213,Manager,Male,20,4,College,Sales,2,107140,8199,115339
214,Financial Analyst,Female,39,5,College,Operations,1,76773,7278,84051
215,Data Scientist,Female,37,4,Masters,Engineering,2,98010,8210,106220
216,Data Scientist,Female,39,4,PhD,Management,3,91099,8306,99405
217,Financial Analyst,Male,29,4,High School,Management,4,89559,8338,97897
218,Software Engineer,Male,58,5,High School,Management,3,120156,7200,127356
219,Driver,Male,38,5,PhD,Engineering,4,102966,8978,111944
220,Marketing Associate,Female,64,5,PhD,Sales,5,128970,7346,136316
221,Warehouse Associate,Female,51,4,High School,Management,5,121376,7832,129208
222,Financial Analyst,Male,53,5,Masters,Administration,3,112941,7404,120345
223,Graphic Designer,Male,46,5,High School,Engineering,4,102736,9736,112472
224,Driver,Female,28,4,High School,Management,1,64008,7185,71193
225,IT,Male,52,5,Masters,Engineering,1,90024,7350,97374
226,Financial Analyst,Female,48,4,Masters,Management,5,129406,7280,136686
227,IT,Female,34,5,College,Operations,1,54245,8245,62490
228,Marketing Associate,Female,27,4,High School,Administration,5,67530,9311,76841
229,Graphic Designer,Male,18,4,High School,Sales,4,75506,9289,84795
230,Graphic Designer,Female,31,4,College,Engineering,2,81826,8375,90201
231,Software Engineer,Female,27,4,High School,Operations,1,65711,7789,73500
232,Sales Associate,Male,29,3,Masters,Management,2,61164,6346,67510
233,Driver,Female,41,5,Masters,Administration,1,73801,8317,82118
234,Manager,Male,62,5,College,Administration,5,157410,7840,165250
235,Graphic Designer,Male,23,4,High School,Operations,1,50601,7351,57952
236,Data Scientist,Male,29,4,High School,Engineering,3,65907,7668,73575
237,Data Scientist,Male,38,5,High School,Sales,2,80937,8335,89272
238,Driver,Male,34,4,College,Administration,5,90330,7022,97352
239,Sales Associate,Female,62,5,College,Operations,2,93268,7657,100925
240,IT,Male,40,4,College,Administration,5,109345,7791,117136
241,Software Engineer,Male,27,4,Masters,Engineering,1,66084,7769,73853
242,Financial Analyst,Male,35,4,PhD,Operations,5,98900,7960,106860
243,IT,Male,19,4,College,Engineering,3,78113,9335,87448
244,Software Engineer,Male,36,4,Masters,Engineering,5,130826,9694,140520
245,Sales Associate,Male,23,3,High School,Engineering,3,85928,7229,93157
246,IT,Male,43,5,College,Operations,4,98515,9090,107605
247,Graphic Designer,Female,48,4,College,Administration,4,103133,7793,110926
248,Marketing Associate,Female,20,4,College,Sales,4,69254,8609,77863
249,Graphic Designer,Male,27,4,College,Sales,5,114680,8472,123152
250,Driver,Male,25,3,PhD,Engineering,5,92687,7634,100321
251,Graphic Designer,Male,21,3,Masters,Engineering,4,72301,8391,80692
252,Financial Analyst,Male,24,4,Masters,Administration,1,67749,8517,76266
253,Data Scientist,Female,61,5,Masters,Management,2,97000,7757,104757
254,Manager,Male,52,5,High School,Operations,2,104526,7253,111779
255,Data Scientist,Male,26,4,High School,Management,3,80494,8449,88943
256,Financial Analyst,Female,30,4,High School,Operations,2,40341,7320,47661
257,Software Engineer,Male,29,4,High School,Engineering,1,74316,8761,83077
258,IT,Female,46,5,PhD,Sales,3,102247,8307,110554
259,Driver,Male,49,4,College,Sales,5,104657,6839,111496
260,Warehouse Associate,Female,37,3,High School,Engineering,5,92722,8010,100732
261,Sales Associate,Female,51,5,Masters,Management,1,72120,9084,81204
262,Warehouse Associate,Female,28,4,Masters,Operations,1,62260,7740,70000
263,Manager,Male,45,5,High School,Engineering,3,123422,8894,132316
264,Warehouse Associate,Male,48,5,College,Sales,1,62097,7075,69172
265,Data Scientist,Male,53,5,High School,Management,2,102910,8335,111245
266,Data Scientist,Female,29,4,High School,Engineering,3,84021,9111,93132
267,Warehouse Associate,Female,19,4,High School,Operations,1,37026,8636,45662
268,Driver,Male,18,3,PhD,Operations,3,56318,8407,64725
269,IT,Male,28,4,High School,Operations,3,64958,7910,72868
270,Data Scientist,Female,31,4,High School,Operations,2,55954,7999,63953
271,Graphic Designer,Female,58,4,PhD,Sales,3,108820,7776,116596
272,IT,Female,41,5,High School,Operations,3,100014,8621,108635
273,Driver,Male,36,4,PhD,Operations,3,88213,8581,96794
274,Sales Associate,Female,34,3,High School,Sales,4,108288,7491,115779
275,Driver,Male,56,5,Masters,Sales,5,100859,8388,109247
276,Financial Analyst,Female,30,4,Masters,Administration,5,114007,9248,123255
277,Warehouse Associate,Male,37,4,High School,Management,3,83025,8105,91130
278,IT,Male,28,4,High School,Administration,5,95964,9147,105111
279,Warehouse Associate,Female,47,4,College,Administration,2,94973,7885,102858
280,Graphic Designer,Male,44,4,High School,Sales,4,102108,8339,110447
281,Data Scientist,Male,24,4,Masters,Sales,2,60736,7873,68609
282,IT,Male,47,5,PhD,Operations,1,82126,6971,89097
283,Financial Analyst,Male,33,5,Masters,Operations,1,69878,8389,78267
284,IT,Female,22,4,Masters,Sales,1,37780,8443,46223
285,Graphic Designer,Male,57,4,Masters,Management,4,132873,7266,140139
286,Financial Analyst,Male,20,4,High School,Operations,2,65164,7827,72991
287,IT,Female,65,5,Masters,Administration,4,121210,7949,129159
288,Graphic Designer,Female,49,4,PhD,Engineering,2,95169,7415,102584
289,Sales Associate,Male,19,3,PhD,Management,4,94492,8209,102701
290,Driver,Female,39,4,PhD,Operations,2,75901,7402,83303
291,Sales Associate,Male,33,3,Masters,Operations,5,100463,6332,106795
292,Sales Associate,Female,40,4,Masters,Operations,5,92276,9551,101827
293,Driver,Female,21,2,College,Engineering,5,92458,6966,99424
294,Graphic Designer,Male,46,4,High School,Administration,4,88571,7464,96035
295,Financial Analyst,Male,39,4,PhD,Management,3,87409,7168,94577
296,Warehouse Associate,Male,58,5,College,Sales,4,133927,8278,142205
297,Manager,Male,33,4,Masters,Sales,1,90482,7094,97576
298,Marketing Associate,Female,27,4,High School,Sales,4,87435,9230,96665
299,Graphic Designer,Female,65,5,High School,Operations,4,130251,7750,138001
300,Manager,Female,34,3,Masters,Management,2,106560,7257,113817
301,Software Engineer,Male,56,5,College,Operations,3,107366,7774,115140
302,Warehouse Associate,Female,34,4,High School,Sales,1,56172,7739,63911
303,Marketing Associate,Female,35,4,Masters,Sales,2,58807,7316,66123
304,Financial Analyst,Female,49,4,Masters,Sales,4,126626,7144,133770
305,Manager,Female,24,3,PhD,Sales,3,104202,8456,112658
306,Warehouse Associate,Male,39,4,PhD,Operations,3,77793,8093,85886
307,Warehouse Associate,Male,45,4,High School,Operations,2,84930,6914,91844
308,Driver,Male,32,3,Masters,Engineering,2,69367,6378,75745
309,Graphic Designer,Male,65,5,Masters,Operations,5,116751,8505,125256
310,Software Engineer,Male,52,4,Masters,Administration,5,139841,7641,147482
311,Driver,Female,52,4,College,Administration,2,78750,6666,85416
312,Warehouse Associate,Female,38,3,College,Administration,5,93306,8265,101571
313,Financial Analyst,Male,19,4,Masters,Operations,2,60892,8462,69354
314,Graphic Designer,Male,20,2,Masters,Engineering,5,99543,6111,105654
315,Sales Associate,Female,29,3,PhD,Operations,2,56745,6495,63240
316,Data Scientist,Female,29,4,College,Operations,1,59458,7939,67397
317,Driver,Female,18,2,Masters,Sales,4,71824,6397,78221
318,Software Engineer,Male,64,5,High School,Operations,2,111903,6824,118727
319,IT,Male,55,5,College,Sales,3,104361,7813,112174
320,Warehouse Associate,Female,22,2,High School,Sales,5,91568,7139,98707
321,Software Engineer,Male,59,4,Masters,Engineering,4,155834,7101,162935
322,Financial Analyst,Male,30,5,Masters,Sales,1,83620,7864,91484
323,Marketing Associate,Female,50,5,PhD,Administration,1,81995,7840,89835
324,Graphic Designer,Female,27,4,PhD,Sales,1,66125,8465,74590
325,Driver,Male,27,3,College,Engineering,5,89678,7778,97456
326,Sales Associate,Female,57,5,Masters,Operations,3,98321,8980,107301
327,Manager,Male,48,4,College,Management,1,109346,7730,117076
328,Manager,Female,62,4,Masters,Sales,4,155203,7808,163011
329,IT,Male,64,5,PhD,Management,2,98100,7460,105560
330,Data Scientist,Female,29,3,High School,Management,4,73306,7765,81071
331,Driver,Male,40,5,College,Engineering,2,68797,7817,76614
332,Financial Analyst,Male,58,4,College,Management,4,120154,6751,126905
333,Warehouse Associate,Female,22,3,College,Sales,4,76865,8145,85010
334,Graphic Designer,Female,59,4,PhD,Management,4,125770,8013,133783
335,Financial Analyst,Female,36,4,High School,Administration,5,119931,8400,128331
336,Marketing Associate,Female,55,4,Masters,Operations,1,71794,6685,78479
337,Driver,Female,54,4,College,Management,2,87998,7028,95026
338,Software Engineer,Male,63,4,High School,Administration,5,140445,7905,148350
339,Warehouse Associate,Male,18,2,College,Administration,5,85306,7735,93041
340,Sales Associate,Female,31,3,High School,Operations,3,77275,7089,84364
341,Manager,Male,48,4,PhD,Sales,4,143887,7622,151509
342,Driver,Female,58,4,High School,Sales,5,130720,7246,137966
343,Software Engineer,Female,41,4,PhD,Sales,1,86675,7947,94622
344,Graphic Designer,Female,22,3,College,Operations,2,56954,7550,64504
345,IT,Male,63,5,Masters,Operations,5,133472,8688,142160
346,Data Scientist,Male,23,3,Masters,Administration,1,62753,7242,69995
347,Sales Associate,Male,63,5,PhD,Operations,4,128173,8360,136533
348,Software Engineer,Female,28,3,College,Engineering,5,112491,8727,121218
349,Marketing Associate,Female,22,4,PhD,Operations,1,36548,8090,44638
350,Driver,Female,62,4,PhD,Engineering,1,88781,6413,95194
351,Software Engineer,Male,65,4,High School,Management,5,157852,6669,164521
352,Financial Analyst,Male,51,4,PhD,Operations,4,113730,6578,120308
353,Driver,Male,57,5,College,Management,1,68403,6893,75296
354,Manager,Male,59,4,PhD,Sales,5,176789,6773,183562
355,Data Scientist,Female,45,3,Masters,Sales,5,129226,6912,136138
356,Graphic Designer,Male,24,3,College,Engineering,2,59399,6692,66091
357,Sales Associate,Male,61,5,PhD,Management,1,102473,8468,110941
358,Manager,Female,60,4,PhD,Management,3,160614,8354,168968
359,Sales Associate,Female,28,3,PhD,Sales,3,89570,7411,96981
360,Marketing Associate,Female,41,4,College,Sales,3,73989,8780,82769
361,Financial Analyst,Female,35,4,Masters,Management,2,67762,7449,75211
362,Financial Analyst,Male,35,4,College,Administration,4,90307,7663,97970
363,Driver,Female,38,3,Masters,Management,2,77751,6554,84305
364,Data Scientist,Female,57,4,High School,Management,1,87150,6814,93964
365,Driver,Female,19,2,College,Sales,2,79291,5000,84291
366,Graphic Designer,Male,55,5,Masters,Engineering,1,79144,8328,87472
367,Manager,Male,62,5,PhD,Engineering,3,150467,8100,158567
368,Driver,Female,31,3,Masters,Engineering,2,57070,6615,63685
369,Marketing Associate,Female,49,4,College,Sales,4,102201,7640,109841
370,Driver,Male,37,4,College,Engineering,3,70088,8244,78332
371,Marketing Associate,Female,24,3,PhD,Operations,4,57782,7144,64926
372,Manager,Male,32,3,High School,Operations,4,117629,6291,123920
373,Sales Associate,Male,28,3,Masters,Administration,5,118653,7036,125689
374,Marketing Associate,Female,38,2,High School,Management,5,71772,5764,77536
375,Software Engineer,Male,65,5,Masters,Sales,1,134758,7500,142258
376,Marketing Associate,Female,53,5,College,Administration,1,66438,6935,73373
377,Warehouse Associate,Male,46,3,High School,Operations,4,87134,6184,93318
378,Marketing Associate,Female,57,4,College,Operations,3,79674,6993,86667
379,Marketing Associate,Female,45,3,College,Engineering,4,85161,6682,91843
380,Warehouse Associate,Female,34,2,PhD,Management,5,114479,6700,121179
381,Marketing Associate,Male,25,3,College,Operations,4,65547,6530,72077
382,Data Scientist,Female,33,3,High School,Administration,3,71946,6386,78332
383,Financial Analyst,Male,64,5,High School,Operations,3,96777,7736,104513
384,Marketing Associate,Female,23,3,PhD,Administration,3,62054,6955,69009
385,Software Engineer,Male,26,3,High School,Sales,2,61527,6345,67872
386,Warehouse Associate,Female,24,3,High School,Management,1,64624,8253,72877
387,Driver,Male,49,4,Masters,Administration,5,118629,6740,125369
388,Data Scientist,Male,19,2,PhD,Management,5,80171,6454,86625
389,Sales Associate,Female,47,3,College,Administration,4,105410,6363,111773
390,Software Engineer,Male,36,4,PhD,Management,3,112134,8587,120721
391,Warehouse Associate,Female,42,3,Masters,Engineering,1,90005,6631,96636
392,Marketing Associate,Female,50,5,High School,Operations,1,70374,7466,77840
393,Manager,Male,21,2,College,Administration,5,121682,7189,128871
394,Marketing Associate,Female,49,4,PhD,Operations,5,104355,7555,111910
395,IT,Female,49,4,College,Engineering,1,75811,5520,81331
396,Sales Associate,Male,48,3,Masters,Engineering,5,113544,6839,120383
397,Graphic Designer,Female,22,2,Masters,Operations,4,107025,6577,113602
398,Financial Analyst,Male,20,3,PhD,Operations,3,78564,7875,86439
399,Financial Analyst,Male,47,5,College,Operations,3,91905,7614,99519
400,Financial Analyst,Male,60,5,High School,Engineering,4,121728,7932,129660
401,Marketing Associate,Male,27,4,College,Management,1,54817,6519,61336
402,Sales Associate,Male,20,3,College,Operations,1,37898,6448,44346
403,IT,Male,59,5,PhD,Operations,1,79544,6760,86304
404,Data Scientist,Female,20,3,High School,Engineering,1,40056,7632,47688
405,IT,Female,45,4,College,Operations,2,70846,7404,78250
406,Marketing Associate,Female,34,3,High School,Sales,5,79707,7196,86903
407,Software Engineer,Male,59,4,High School,Operations,4,124817,7268,132085
408,Manager,Male,53,4,College,Management,1,123114,6946,130060
409,Financial Analyst,Female,20,3,High School,Operations,3,62377,6999,69376
410,Data Scientist,Male,28,3,Masters,Sales,3,82850,5794,88644
411,IT,Female,38,4,High School,Sales,2,75932,7003,82935
412,Manager,Male,43,3,PhD,Management,2,121949,6739,128688
413,Marketing Associate,Female,36,3,PhD,Sales,3,82755,7325,90080
414,Data Scientist,Male,45,3,PhD,Administration,5,122037,8147,130184
415,Warehouse Associate,Female,19,2,Masters,Administration,2,78021,6970,84991
416,IT,Male,18,4,PhD,Sales,1,56309,7559,63868
417,Financial Analyst,Male,59,5,PhD,Management,1,90002,8123,98125
418,IT,Male,34,3,College,Sales,4,91066,6257,97323
419,Manager,Male,32,3,Masters,Management,5,118088,7721,125809
420,Software Engineer,Male,29,3,Masters,Operations,2,92099,7246,99345
421,Financial Analyst,Female,46,4,College,Administration,4,116758,7744,124502
422,Marketing Associate,Female,49,5,High School,Sales,2,96500,8092,104592
423,Manager,Male,48,3,College,Management,5,138851,6929,145780
424,Marketing Associate,Female,34,4,College,Administration,1,49632,7169,56801
425,Driver,Female,45,3,PhD,Management,3,76700,7242,83942
426,IT,Male,58,4,College,Management,5,131275,6997,138272
427,Manager,Male,21,2,PhD,Operations,3,89648,6573,96221
428,Graphic Designer,Female,26,2,Masters,Administration,5,100516,6737,107253
429,Manager,Male,20,2,PhD,Operations,4,112854,6564,119418
430,Software Engineer,Male,60,4,Masters,Sales,5,155676,6586,162262
431,Driver,Male,57,4,College,Sales,4,135781,6042,141823
432,Sales Associate,Female,47,3,College,Engineering,2,84935,6122,91057
433,Warehouse Associate,Male,31,4,High School,Engineering,2,66407,7522,73929
434,Driver,Female,56,4,PhD,Sales,3,101249,7329,108578
435,Manager,Male,57,4,Masters,Administration,4,143189,6321,149510
436,Graphic Designer,Male,63,5,PhD,Engineering,1,105800,7822,113622
437,Software Engineer,Male,63,5,College,Operations,2,124871,7327,132198
438,Data Scientist,Male,23,3,High School,Sales,3,83894,6922,90816
439,Manager,Female,45,2,High School,Management,5,144146,6340,150486
440,Marketing Associate,Female,46,4,PhD,Sales,2,69268,7106,76374
441,Sales Associate,Male,63,5,High School,Sales,1,85948,7646,93594
442,Software Engineer,Male,20,2,PhD,Engineering,4,92289,6643,98932
443,Financial Analyst,Male,45,4,High School,Operations,2,75397,6490,81887
444,Software Engineer,Male,65,4,High School,Engineering,1,102597,5937,108534
445,Sales Associate,Female,63,4,PhD,Engineering,3,127561,7552,135113
446,Warehouse Associate,Male,26,3,High School,Sales,3,72945,7279,80224
447,Software Engineer,Male,60,3,PhD,Management,5,145632,6439,152071
448,Marketing Associate,Female,36,3,Masters,Sales,3,77223,5272,82495
449,Manager,Male,63,5,Masters,Operations,1,130093,6416,136509
450,Marketing Associate,Male,33,3,PhD,Administration,2,53220,5153,58373
451,Warehouse Associate,Female,41,3,College,Engineering,3,92080,6897,98977
452,Graphic Designer,Female,55,3,College,Sales,5,118762,6545,125307
453,Sales Associate,Female,21,2,College,Operations,5,85398,7113,92511
454,Data Scientist,Male,31,3,College,Operations,1,75227,6027,81254
455,Data Scientist,Male,41,3,Masters,Administration,4,104314,6611,110925
456,Manager,Male,27,3,High School,Operations,1,83262,6884,90146
457,Data Scientist,Female,55,3,Masters,Administration,4,123172,5797,128969
458,Data Scientist,Male,41,4,PhD,Administration,1,67040,7412,74452
459,Warehouse Associate,Male,33,3,College,Administration,1,77655,6581,84236
460,Data Scientist,Female,46,3,College,Administration,3,107476,6182,113658
461,Software Engineer,Male,45,4,Masters,Operations,2,89811,6471,96282
462,Graphic Designer,Male,47,3,College,Administration,5,106893,7958,114851
463,Software Engineer,Male,58,4,Masters,Engineering,5,154039,7304,161343
464,Warehouse Associate,Male,64,4,High School,Operations,3,116774,6160,122934
465,Software Engineer,Male,40,2,High School,Management,2,98281,5646,103927
466,Marketing Associate,Female,18,3,High School,Engineering,2,34208,6620,40828
467,Software Engineer,Male,42,3,Masters,Engineering,5,121821,6499,128320
468,Software Engineer,Male,30,2,Masters,Engineering,5,113122,6060,119182
469,Software Engineer,Male,39,4,PhD,Management,1,92154,7642,99796
470,Manager,Male,31,3,PhD,Engineering,2,110643,7291,117934
471,Data Scientist,Female,34,3,PhD,Administration,1,82345,7211,89556
472,Data Scientist,Male,32,3,PhD,Sales,4,103908,8109,112017
473,Marketing Associate,Female,24,3,High School,Engineering,3,49303,6615,55918
474,IT,Female,46,4,High School,Operations,3,98456,7177,105633
475,Warehouse Associate,Male,49,3,PhD,Operations,4,94927,6274,101201
476,Software Engineer,Male,30,2,College,Administration,5,76654,6696,83350
477,Manager,Male,46,4,Masters,Sales,1,107859,6989,114848
478,Manager,Female,53,4,High School,Operations,3,129885,7314,137199
479,Graphic Designer,Male,62,5,Masters,Sales,1,85702,6556,92258
480,Financial Analyst,Female,63,4,Masters,Operations,1,97797,5239,103036
481,Manager,Male,18,1,Masters,Management,5,115567,4775,120342
482,Sales Associate,Female,30,3,High School,Administration,4,91566,6996,98562
483,Sales Associate,Female,61,3,PhD,Management,4,131608,6537,138145
484,Sales Associate,Male,58,4,PhD,Administration,3,118888,7438,126326
485,Graphic Designer,Male,55,4,College,Sales,2,75833,6942,82775
486,Financial Analyst,Female,36,3,College,Engineering,2,65750,6177,71927
487,Graphic Designer,Male,65,4,College,Management,4,123371,6931,130302
488,Marketing Associate,Female,49,4,Masters,Sales,3,76806,6662,83468
489,Warehouse Associate,Male,38,3,College,Management,3,83774,7127,90901
490,Warehouse Associate,Female,22,1,PhD,Operations,5,114733,6290,121023
491,Financial Analyst,Male,22,3,PhD,Administration,2,69320,6765,76085
492,Sales Associate,Male,51,3,PhD,Operations,4,110746,5947,116693
493,Graphic Designer,Male,61,4,Masters,Engineering,2,105632,6394,112026
494,Manager,Male,62,4,PhD,Engineering,1,117648,4765,122413
495,Driver,Female,21,1,PhD,Management,4,89170,6722,95892
496,Sales Associate,Male,28,3,College,Management,3,85986,8160,94146
497,Financial Analyst,Male,32,4,Masters,Sales,3,78132,8035,86167
498,Manager,Male,57,4,Masters,Operations,3,135073,6898,141971
499,Driver,Female,52,4,High School,Operations,1,78751,6258,85009
500,Software Engineer,Male,64,5,High School,Sales,2,118231,7440,125671
501,Data Scientist,Male,58,5,High School,Operations,1,86651,7250,93901
502,IT,Female,36,3,PhD,Management,3,75518,6711,82229
503,Data Scientist,Male,44,3,Masters,Management,3,114693,6832,121525
504,Financial Analyst,Male,39,3,Masters,Engineering,4,116875,5479,122354
505,IT,Male,23,4,PhD,Administration,1,64468,8113,72581
506,Marketing Associate,Male,40,2,PhD,Sales,5,116834,5516,122350
507,Marketing Associate,Female,18,2,Masters,Management,5,75294,6496,81790
508,Graphic Designer,Female,63,3,College,Management,5,127608,6558,134166
509,Financial Analyst,Female,43,3,College,Sales,5,116069,6432,122501
510,Driver,Female,50,3,High School,Engineering,2,86122,6295,92417
511,Warehouse Associate,Male,23,2,College,Management,4,81988,7160,89148
512,Warehouse Associate,Female,22,2,Masters,Sales,2,68300,5953,74253
513,Manager,Male,60,4,College,Sales,2,148178,6777,154955
514,Financial Analyst,Female,50,3,PhD,Operations,2,94590,5327,99917
515,Sales Associate,Female,33,2,College,Engineering,4,87418,6430,93848
516,Warehouse Associate,Male,25,3,College,Administration,1,68384,7443,75827
517,Manager,Male,48,3,PhD,Operations,1,106056,4161,110217
518,Software Engineer,Male,35,2,Masters,Management,3,110886,6228,117114
519,Graphic Designer,Female,37,2,Masters,Management,3,104082,5477,109559
520,IT,Female,43,3,Masters,Management,4,94354,7052,101406
521,Warehouse Associate,Male,53,3,PhD,Engineering,5,128669,6866,135535
522,Financial Analyst,Male,40,3,PhD,Sales,3,88725,6243,94968
523,Manager,Male,56,3,Masters,Engineering,4,149771,5495,155266
524,Financial Analyst,Male,45,4,Masters,Management,2,98535,8001,106536
525,Data Scientist,Female,57,4,PhD,Sales,1,90713,6552,97265
526,IT,Male,33,3,College,Management,3,88749,7433,96182
527,Graphic Designer,Male,49,3,Masters,Operations,5,126100,6336,132436
528,Manager,Male,23,3,College,Sales,3,110594,6753,117347
529,Manager,Male,60,4,College,Management,3,157644,7213,164857
530,Manager,Female,41,3,PhD,Management,1,113009,6812,119821
531,Financial Analyst,Male,20,2,PhD,Engineering,4,105601,5943,111544
532,Financial Analyst,Male,56,4,High School,Engineering,3,100769,6453,107222
533,Warehouse Associate,Male,38,3,High School,Administration,2,82244,6020,88264
534,Marketing Associate,Female,55,4,High School,Administration,2,72030,5569,77599
535,Driver,Female,20,1,College,Management,3,66203,5627,71830
536,Driver,Female,34,2,High School,Management,3,67210,5662,72872
537,Manager,Female,32,2,PhD,Management,2,115383,5878,121261
538,Graphic Designer,Female,49,3,PhD,Engineering,4,120697,7205,127902
539,Graphic Designer,Male,29,3,PhD,Operations,2,70311,6235,76546
540,Data Scientist,Female,49,3,College,Engineering,4,125770,7301,133071
541,Warehouse Associate,Male,33,1,College,Engineering,5,100465,5520,105985
542,Software Engineer,Male,30,2,College,Administration,4,83264,6251,89515
543,Warehouse Associate,Male,61,3,PhD,Engineering,4,126375,6630,133005
544,Driver,Male,25,3,College,Engineering,1,43076,5829,48905
545,Data Scientist,Female,37,2,College,Sales,5,97846,7198,105044
546,Sales Associate,Female,24,2,Masters,Management,3,76522,6900,83422
547,Driver,Male,42,3,PhD,Operations,4,111726,5989,117715
548,Sales Associate,Male,55,4,College,Administration,3,112188,6689,118877
549,Data Scientist,Male,35,2,College,Operations,5,98959,6572,105531
550,Sales Associate,Female,35,2,College,Management,4,87131,6356,93487
551,IT,Male,40,3,College,Administration,3,77881,5569,83450
552,IT,Male,36,3,Masters,Engineering,2,65225,6462,71687
553,Driver,Male,30,4,Masters,Operations,1,78472,8439,86911
554,Financial Analyst,Male,58,4,College,Operations,4,126269,6490,132759
555,Warehouse Associate,Male,61,3,High School,Management,3,106233,5792,112025
556,IT,Female,37,3,High School,Sales,2,56656,5914,62570
557,IT,Female,42,3,High School,Engineering,2,70157,6016,76173
558,Data Scientist,Female,41,2,PhD,Engineering,2,98366,6398,104764
559,Manager,Male,59,4,College,Engineering,2,127013,6124,133137
560,Software Engineer,Male,53,3,High School,Management,3,106146,6618,112764
561,Manager,Male,22,2,Masters,Operations,4,90736,6219,96955
562,Graphic Designer,Male,44,3,PhD,Sales,1,66611,5924,72535
563,Manager,Male,57,3,PhD,Operations,5,150914,5982,156896
564,Graphic Designer,Male,30,2,Masters,Management,4,70559,6497,77056
565,Data Scientist,Female,33,3,College,Sales,1,73798,6224,80022
566,Graphic Designer,Male,22,2,High School,Sales,3,69734,5383,75117
567,Marketing Associate,Female,52,3,High School,Sales,3,94763,5668,100431
568,Financial Analyst,Female,23,2,College,Administration,5,101534,6861,108395
569,Graphic Designer,Male,23,1,PhD,Management,5,91504,5136,96640
570,Sales Associate,Female,19,1,College,Management,4,90426,5020,95446
571,Manager,Male,20,2,Masters,Operations,3,100183,6363,106546
572,IT,Female,62,4,College,Operations,2,99369,6746,106115
573,Graphic Designer,Female,40,3,College,Operations,1,55845,6616,62461
574,Financial Analyst,Female,26,3,College,Administration,2,48570,6604,55174
575,Data Scientist,Male,56,3,Masters,Engineering,3,98165,5470,103635
576,Data Scientist,Female,57,3,Masters,Operations,3,113274,6186,119460
577,Software Engineer,Male,23,2,Masters,Engineering,3,95754,6596,102350
578,Data Scientist,Male,27,2,College,Engineering,1,57915,4584,62499
579,Manager,Male,53,4,College,Sales,2,121506,6122,127628
580,Manager,Male,37,3,Masters,Management,1,121151,5934,127085
581,Marketing Associate,Female,46,3,College,Management,3,86241,5814,92055
582,Data Scientist,Male,40,2,Masters,Management,2,87682,4152,91834
583,Software Engineer,Male,42,2,College,Administration,3,114029,6842,120871
584,IT,Male,43,3,College,Management,1,67323,4680,72003
585,Data Scientist,Male,28,3,High School,Management,2,68049,6660,74709
586,IT,Male,39,3,High School,Engineering,4,93335,5243,98578
587,Driver,Female,55,3,PhD,Operations,2,100433,5090,105523
588,Marketing Associate,Female,62,3,PhD,Operations,5,123242,5453,128695
589,Sales Associate,Female,32,2,PhD,Administration,2,87585,6476,94061
590,IT,Female,18,2,Masters,Sales,1,45747,4890,50637
591,Marketing Associate,Female,41,3,High School,Administration,2,36972,7058,44030
592,Sales Associate,Female,29,3,High School,Management,3,64754,7377,72131
593,IT,Female,44,2,PhD,Operations,5,132267,5679,137946
594,Driver,Male,53,3,PhD,Administration,3,111043,5838,116881
595,Warehouse Associate,Male,25,2,Masters,Engineering,1,58130,6327,64457
596,IT,Male,27,3,PhD,Operations,3,90542,7554,98096
597,Manager,Male,40,2,College,Administration,2,124891,5436,130327
598,Marketing Associate,Female,54,3,PhD,Engineering,5,112507,7460,119967
599,Marketing Associate,Female,64,4,College,Sales,5,100316,6010,106326
600,Software Engineer,Male,63,3,PhD,Engineering,2,134757,5944,140701
601,Manager,Male,42,3,College,Sales,4,125339,6019,131358
602,IT,Female,62,4,College,Management,3,111120,6536,117656
603,Data Scientist,Female,36,3,High School,Operations,3,76523,7122,83645
604,Driver,Female,50,3,College,Operations,2,91160,5863,97023
605,Manager,Male,28,3,College,Sales,2,105795,6179,111974
606,Financial Analyst,Female,18,2,High School,Operations,2,66935,6508,73443
607,Sales Associate,Male,19,1,PhD,Management,3,75238,5308,80546
608,Data Scientist,Female,55,2,Masters,Sales,5,138365,5359,143724
609,Software Engineer,Male,42,2,College,Management,1,103978,5146,109124
610,IT,Male,65,4,Masters,Sales,5,165229,6506,171735
611,Warehouse Associate,Male,54,2,Masters,Engineering,4,118322,5224,123546
612,Graphic Designer,Male,39,2,Masters,Operations,5,106883,5831,112714
613,Marketing Associate,Female,45,2,High School,Management,2,59006,5876,64882
614,Manager,Male,30,1,PhD,Engineering,4,125164,5888,131052
615,Software Engineer,Male,53,4,High School,Operations,1,89225,5751,94976
616,Driver,Male,63,4,High School,Sales,2,101716,5881,107597
617,Marketing Associate,Female,45,3,Masters,Sales,3,74305,7126,81431
618,Marketing Associate,Female,30,3,Masters,Administration,1,38451,5562,44013
619,Graphic Designer,Female,48,1,High School,Operations,5,113465,3846,117311
620,Sales Associate,Female,27,2,College,Operations,2,66377,5803,72180
621,Financial Analyst,Male,31,3,PhD,Engineering,1,79142,5445,84587
622,Graphic Designer,Female,20,1,Masters,Operations,4,55569,5236,60805
623,Graphic Designer,Male,60,4,Masters,Engineering,1,97240,5412,102652
624,Manager,Female,25,1,Masters,Management,5,119033,6381,125414
625,Marketing Associate,Female,65,3,Masters,Administration,5,106315,5618,111933
626,Driver,Male,24,2,College,Engineering,3,81301,5713,87014
627,Software Engineer,Male,23,1,PhD,Management,2,79462,4673,84135
628,IT,Female,28,1,PhD,Sales,5,105598,5380,110978
629,Data Scientist,Male,30,2,College,Operations,3,72497,6452,78949
630,Financial Analyst,Female,23,1,High School,Management,4,78084,5598,83682
631,Graphic Designer,Male,50,3,Masters,Management,1,84803,5406,90209
632,Graphic Designer,Female,18,2,College,Administration,1,41603,6092,47695
633,Driver,Female,47,2,Masters,Operations,2,78002,5175,83177
634,Warehouse Associate,Male,56,3,Masters,Administration,2,79274,4618,83892
635,IT,Male,20,2,PhD,Management,1,49622,5452,55074
636,Sales Associate,Male,62,3,College,Management,3,129620,5608,135228
637,Software Engineer,Male,36,2,High School,Administration,4,87848,5166,93014
638,Driver,Male,24,2,College,Management,3,51906,6274,58180
639,Sales Associate,Female,44,2,High School,Engineering,3,81866,5183,87049
640,Financial Analyst,Male,24,2,PhD,Engineering,3,71590,5845,77435
641,Warehouse Associate,Male,19,2,High School,Sales,2,63928,4998,68926
642,Driver,Male,44,4,High School,Administration,4,83333,7113,90446
643,Marketing Associate,Male,49,3,High School,Administration,4,92797,5405,98202
644,Financial Analyst,Male,36,3,PhD,Operations,1,93067,5103,98170
645,Graphic Designer,Male,22,2,High School,Sales,3,72422,5697,78119
646,Driver,Male,59,3,College,Operations,3,120159,4265,124424
647,Data Scientist,Female,39,3,Masters,Operations,3,91711,6775,98486
648,Marketing Associate,Female,50,3,Masters,Sales,5,93805,6044,99849
649,Marketing Associate,Female,58,3,Masters,Operations,5,109931,5878,115809
650,Marketing Associate,Female,42,2,College,Administration,5,88365,4668,93033
651,Financial Analyst,Male,58,4,Masters,Operations,3,104744,6425,111169
652,Warehouse Associate,Female,44,3,High School,Administration,1,79334,6505,85839
653,Driver,Male,41,2,Masters,Administration,4,95795,4898,100693
654,Financial Analyst,Female,58,3,PhD,Engineering,1,98512,4548,103060
655,Data Scientist,Female,33,2,High School,Operations,4,78910,5927,84837
656,Manager,Male,22,1,College,Management,2,103156,6277,109433
657,Driver,Male,35,2,High School,Administration,5,92760,4826,97586
658,Warehouse Associate,Female,42,1,PhD,Operations,5,125574,5688,131262
659,Data Scientist,Male,62,4,College,Operations,3,93742,6580,100322
660,Sales Associate,Male,50,2,Masters,Engineering,5,124470,5454,129924
661,Software Engineer,Male,51,2,Masters,Engineering,3,132323,4872,137195
662,Sales Associate,Male,22,1,High School,Sales,4,70595,5234,75829
663,Software Engineer,Male,32,2,College,Operations,1,71278,4701,75979
664,Data Scientist,Male,33,2,High School,Engineering,2,53855,4980,58835
665,IT,Male,35,1,College,Management,4,98423,3879,102302
666,Software Engineer,Male,47,2,Masters,Operations,4,126239,5396,131635
667,Sales Associate,Male,53,2,Masters,Management,5,101133,4700,105833
668,Warehouse Associate,Male,23,1,High School,Administration,4,92516,5866,98382
669,Data Scientist,Male,49,3,College,Administration,3,93320,7236,100556
670,Warehouse Associate,Female,45,1,High School,Administration,5,106963,5084,112047
671,IT,Female,26,1,PhD,Sales,5,111770,5345,117115
672,IT,Male,33,2,Masters,Engineering,5,106584,5426,112010
673,Marketing Associate,Female,26,2,High School,Operations,3,57672,6476,64148
674,Warehouse Associate,Male,50,3,Masters,Administration,1,90612,5913,96525
675,Graphic Designer,Female,35,2,High School,Engineering,5,97768,7233,105001
676,Financial Analyst,Male,31,2,PhD,Administration,3,82790,5826,88616
677,Graphic Designer,Female,50,3,Masters,Administration,1,76103,5173,81276
678,Financial Analyst,Male,38,3,Masters,Administration,1,84628,5680,90308
679,Warehouse Associate,Female,59,2,College,Management,2,93441,5499,98940
680,Marketing Associate,Male,42,2,Masters,Management,5,110636,5239,115875
681,Data Scientist,Female,55,3,PhD,Administration,1,108366,5108,113474
682,Manager,Male,38,2,Masters,Management,3,135106,5066,140172
683,Warehouse Associate,Female,55,2,PhD,Administration,3,85453,5135,90588
684,Graphic Designer,Male,54,3,High School,Management,3,100160,5562,105722
685,Data Scientist,Female,48,2,College,Administration,3,79765,5329,85094
686,Manager,Male,48,2,PhD,Engineering,4,157169,5798,162967
687,Financial Analyst,Female,63,3,PhD,Engineering,3,129683,5754,135437
688,Financial Analyst,Female,20,1,College,Management,2,76908,4756,81664
689,Financial Analyst,Female,53,3,High School,Management,1,93696,5029,98725
690,Driver,Male,40,3,High School,Sales,2,88230,5512,93742
691,Sales Associate,Female,46,2,Masters,Management,2,83095,5284,88379
692,IT,Female,26,2,College,Sales,3,81325,5647,86972
693,Warehouse Associate,Female,62,2,PhD,Engineering,2,102106,5195,107301
694,Graphic Designer,Female,43,1,PhD,Engineering,1,80635,4322,84957
695,Marketing Associate,Female,32,2,College,Sales,3,73404,5038,78442
696,Data Scientist,Male,44,3,High School,Sales,1,83674,4854,88528
697,IT,Male,62,3,Masters,Engineering,4,118314,4892,123206
698,Graphic Designer,Female,57,2,Masters,Sales,5,133741,4925,138666
699,Software Engineer,Male,50,3,PhD,Sales,1,119522,4650,124172
700,Sales Associate,Male,40,2,High School,Administration,3,84592,4635,89227
701,Sales Associate,Male,64,3,PhD,Sales,2,121589,5133,126722
702,Manager,Female,28,1,High School,Engineering,4,104329,4962,109291
703,Warehouse Associate,Male,24,1,College,Engineering,3,71371,5220,76591
704,Data Scientist,Male,59,4,Masters,Sales,1,96582,6350,102932
705,Data Scientist,Male,62,3,PhD,Sales,3,108778,4357,113135
706,Driver,Male,63,3,PhD,Management,4,128520,6151,134671
707,Sales Associate,Female,34,1,High School,Management,5,102745,6303,109048
708,Manager,Female,62,4,Masters,Administration,3,146008,6235,152243
709,Marketing Associate,Female,44,2,PhD,Management,2,68364,4076,72440
710,Driver,Male,31,2,High School,Administration,4,62753,5735,68488
711,Data Scientist,Female,27,1,High School,Administration,5,96584,5293,101877
712,Software Engineer,Male,32,1,College,Engineering,5,128680,4677,133357
713,Manager,Male,55,2,College,Management,5,152710,6107,158817
714,Software Engineer,Male,36,1,High School,Operations,5,109136,4572,113708
715,Data Scientist,Female,53,2,PhD,Operations,2,102265,4760,107025
716,Marketing Associate,Female,33,1,High School,Management,5,81249,4845,86094
717,IT,Female,56,3,Masters,Management,2,101791,6083,107874
718,Marketing Associate,Female,62,4,College,Sales,1,77584,4524,82108
719,Driver,Female,36,1,Masters,Administration,3,88175,5004,93179
720,Data Scientist,Female,21,1,PhD,Engineering,2,65816,6817,72633
721,IT,Male,33,2,Masters,Sales,1,84878,5009,89887
722,Marketing Associate,Female,28,1,Masters,Engineering,5,73685,4439,78124
723,IT,Female,27,1,Masters,Administration,2,55560,4449,60009
724,Software Engineer,Male,36,2,Masters,Administration,2,94745,5930,100675
725,Data Scientist,Female,43,2,PhD,Sales,3,106452,5346,111798
726,Sales Associate,Male,46,2,College,Management,2,95505,4549,100054
727,Software Engineer,Male,25,1,High School,Engineering,4,103181,4566,107747
728,Software Engineer,Male,40,2,Masters,Sales,1,120096,4690,124786
729,Warehouse Associate,Female,47,2,College,Administration,2,87575,4422,91997
730,Sales Associate,Male,51,3,High School,Management,2,98499,6274,104773
731,Driver,Female,60,2,PhD,Sales,3,113140,4079,117219
732,Manager,Male,56,2,PhD,Administration,4,152081,4621,156702
733,Data Scientist,Female,40,1,Masters,Management,5,100505,4626,105131
734,IT,Female,60,3,Masters,Management,2,104589,4536,109125
735,Manager,Male,36,2,Masters,Sales,3,134450,5214,139664
736,IT,Female,48,3,High School,Management,1,61081,6337,67418
737,Manager,Male,37,2,PhD,Operations,1,100819,5390,106209
738,Software Engineer,Male,64,2,PhD,Sales,5,157277,4844,162121
739,Marketing Associate,Female,51,2,High School,Management,2,79237,4453,83690
740,Driver,Male,20,2,High School,Sales,2,68175,5698,73873
741,Driver,Female,61,2,College,Management,4,108475,4489,112964
742,Software Engineer,Male,65,3,High School,Sales,2,122624,4165,126789
743,Graphic Designer,Female,34,1,College,Management,4,99942,5352,105294
744,Data Scientist,Female,58,2,PhD,Engineering,2,108296,4708,113004
745,Graphic Designer,Male,45,2,Masters,Management,2,101273,3817,105090
746,Sales Associate,Male,18,1,Masters,Administration,3,59334,5729,65063
747,Manager,Male,43,1,PhD,Management,4,152625,4702,157327
748,IT,Female,62,3,College,Sales,4,126370,6032,132402
749,Financial Analyst,Female,45,2,Masters,Administration,5,122142,5435,127577
750,Driver,Female,19,1,High School,Operations,4,75919,5613,81532
751,Data Scientist,Male,26,1,Masters,Operations,3,90526,4191,94717
752,IT,Female,47,2,PhD,Administration,3,103416,5536,108952
753,Manager,Male,59,3,College,Engineering,3,133910,5795,139705
754,Driver,Female,63,3,High School,Sales,1,104468,4466,108934
755,Sales Associate,Female,57,2,High School,Management,4,117202,5068,122270
756,Data Scientist,Female,51,1,PhD,Sales,5,139141,4969,144110
757,Warehouse Associate,Female,58,1,Masters,Management,4,134109,4184,138293
758,Sales Associate,Female,24,1,High School,Administration,2,66887,5014,71901
759,Data Scientist,Male,41,1,College,Operations,5,77839,4458,82297
760,Driver,Male,21,1,High School,Sales,2,61018,5513,66531
761,IT,Female,58,2,High School,Sales,4,124847,3100,127947
762,Financial Analyst,Female,33,2,PhD,Administration,1,50758,5386,56144
763,Graphic Designer,Female,34,1,PhD,Operations,3,75316,5861,81177
764,Driver,Male,54,3,PhD,Sales,2,118093,4115,122208
765,Software Engineer,Male,31,1,College,Operations,4,106503,5225,111728
766,Graphic Designer,Female,55,2,College,Administration,3,111502,4413,115915
767,Sales Associate,Female,47,1,PhD,Engineering,4,116642,4621,121263
768,Financial Analyst,Male,55,3,College,Operations,1,84683,4476,89159
769,IT,Female,45,2,PhD,Sales,4,113283,5404,118687
770,Marketing Associate,Female,48,2,High School,Administration,4,86538,4212,90750
771,Marketing Associate,Female,62,3,Masters,Engineering,2,77742,5430,83172
772,Software Engineer,Male,22,1,College,Sales,1,67913,4045,71958
773,Financial Analyst,Female,54,2,College,Sales,2,114171,3768,117939
774,Manager,Male,47,1,Masters,Engineering,4,155826,4964,160790
775,Graphic Designer,Female,63,2,College,Operations,4,106204,4534,110738
776,Graphic Designer,Female,38,1,High School,Administration,4,111041,3727,114768
777,Software Engineer,Male,62,2,PhD,Engineering,3,138184,4664,142848
778,Financial Analyst,Female,63,3,College,Sales,2,95795,5723,101518
779,Sales Associate,Male,60,3,High School,Administration,3,106798,5201,111999
780,Marketing Associate,Female,65,3,High School,Engineering,3,98575,5410,103985
781,Warehouse Associate,Male,37,2,Masters,Administration,1,82343,5232,87575
782,Software Engineer,Female,57,1,College,Engineering,3,117131,2324,119455
783,Sales Associate,Male,26,2,High School,Sales,2,78625,4073,82698
784,Financial Analyst,Male,27,2,PhD,Administration,4,99134,6255,105389
785,Marketing Associate,Female,20,2,College,Administration,2,38613,6079,44692
786,Marketing Associate,Female,26,2,College,Operations,1,62866,5114,67980
787,Graphic Designer,Male,44,1,Masters,Engineering,5,107818,5281,113099
788,Graphic Designer,Female,47,1,High School,Operations,5,108731,4793,113524
789,Manager,Male,21,1,College,Management,2,114621,3927,118548
790,Marketing Associate,Female,23,1,High School,Sales,2,47739,4829,52568
791,Data Scientist,Male,45,1,Masters,Operations,3,104290,3474,107764
792,Financial Analyst,Male,65,4,Masters,Sales,1,111403,5078,116481
793,IT,Male,52,2,College,Administration,5,93802,5404,99206
794,Manager,Male,30,1,High School,Sales,5,138163,3415,141578
795,Financial Analyst,Male,50,2,Masters,Operations,3,115613,3881,119494
796,Sales Associate,Female,18,1,Masters,Engineering,1,64920,4967,69887
797,Software Engineer,Female,36,1,PhD,Management,1,79177,3661,82838
798,Warehouse Associate,Male,25,1,College,Operations,1,64994,4310,69304
799,Driver,Male,53,3,PhD,Sales,2,100941,5992,106933
800,Manager,Male,55,1,High School,Management,5,163208,4095,167303
801,Sales Associate,Male,24,1,PhD,Operations,2,51837,4472,56309
802,Graphic Designer,Male,56,2,Masters,Management,4,114048,5097,119145
803,Manager,Female,59,2,High School,Management,2,136215,3603,139818
804,Marketing Associate,Female,55,3,High School,Administration,1,63327,4066,67393
805,Software Engineer,Male,64,2,PhD,Engineering,4,139068,4126,143194
806,Sales Associate,Male,63,2,Masters,Engineering,3,136209,3910,140119
807,Software Engineer,Male,55,2,PhD,Management,3,121910,4494,126404
808,Graphic Designer,Male,43,2,PhD,Management,2,82057,5268,87325
809,Sales Associate,Male,51,2,High School,Engineering,1,96023,4148,100171
810,Marketing Associate,Female,31,1,High School,Sales,3,52578,5538,58116
811,Driver,Female,61,2,College,Administration,4,114436,4249,118685
812,Marketing Associate,Female,56,2,Masters,Sales,4,99543,4442,103985
813,Sales Associate,Female,41,2,College,Sales,1,60983,5022,66005
814,Software Engineer,Male,49,3,Masters,Administration,1,82277,5460,87737
815,Marketing Associate,Female,23,1,College,Sales,2,55885,3795,59680
816,Graphic Designer,Male,29,1,Masters,Operations,3,73142,4712,77854
817,Graphic Designer,Male,53,2,High School,Operations,4,107065,3652,110717
818,Driver,Female,61,2,PhD,Engineering,2,107064,4202,111266
819,Marketing Associate,Female,56,2,High School,Operations,5,107370,4916,112286
820,Marketing Associate,Female,25,1,High School,Sales,1,39741,4981,44722
821,Sales Associate,Male,64,2,High School,Management,3,120579,4687,125266
822,Driver,Female,55,2,High School,Engineering,3,103242,4495,107737
823,Driver,Female,42,1,Masters,Sales,5,120112,5070,125182
824,Sales Associate,Female,61,2,High School,Sales,2,83308,3653,86961
825,Marketing Associate,Female,26,1,High School,Management,1,36585,4373,40958
826,Graphic Designer,Female,59,2,College,Engineering,4,115344,4827,120171
827,Sales Associate,Male,36,2,High School,Management,1,49553,5784,55337
828,IT,Female,54,2,Masters,Administration,3,96982,4750,101732
829,Financial Analyst,Female,24,1,High School,Management,4,80030,5481,85511
830,Driver,Male,58,2,College,Sales,4,110157,4275,114432
831,Financial Analyst,Female,32,1,High School,Administration,4,84047,4683,88730
832,Marketing Associate,Male,47,2,PhD,Sales,3,93054,4243,97297
833,Data Scientist,Female,53,2,Masters,Engineering,2,84764,4409,89173
834,Warehouse Associate,Female,61,1,Masters,Management,3,120277,4617,124894
835,Marketing Associate,Female,56,2,High School,Sales,3,81661,4965,86626
836,Manager,Female,45,1,High School,Engineering,5,149893,5120,155013
837,Software Engineer,Male,45,2,High School,Management,1,81515,5001,86516
838,Driver,Male,55,2,Masters,Operations,3,95898,4309,100207
839,Warehouse Associate,Male,42,2,PhD,Operations,3,90000,4774,94774
840,Manager,Male,60,3,High School,Management,2,111896,5597,117493
841,Driver,Male,53,1,Masters,Engineering,5,130082,4734,134816
842,Sales Associate,Female,60,2,PhD,Engineering,5,130417,4694,135111
843,Marketing Associate,Female,34,1,College,Engineering,2,38855,4503,43358
844,Software Engineer,Male,25,1,High School,Administration,4,81057,5259,86316
845,Data Scientist,Male,41,1,High School,Management,5,117215,4322,121537
846,Graphic Designer,Female,49,1,High School,Administration,4,96232,3697,99929
847,Financial Analyst,Male,64,1,PhD,Operations,5,141186,3415,144601
848,Manager,Male,52,2,High School,Operations,2,114943,3438,118381
849,Data Scientist,Male,43,1,PhD,Administration,4,107640,3896,111536
850,Manager,Male,31,2,College,Operations,1,80259,4791,85050
851,Marketing Associate,Female,48,1,College,Operations,5,86563,4415,90978
852,Data Scientist,Male,20,1,High School,Operations,2,61589,3990,65579
853,Warehouse Associate,Male,35,1,High School,Administration,2,74829,4263,79092
854,Graphic Designer,Female,44,1,Masters,Administration,2,72248,3634,75882
855,Sales Associate,Male,49,2,High School,Operations,3,91342,4516,95858
856,Sales Associate,Male,49,2,Masters,Operations,2,101140,4851,105991
857,Marketing Associate,Male,51,2,PhD,Sales,1,62600,4300,66900
858,Software Engineer,Male,21,1,High School,Engineering,2,65313,4685,69998
859,Manager,Male,41,1,College,Administration,5,123153,4111,127264
860,IT,Male,27,1,High School,Management,3,57500,3665,61165
861,Manager,Male,37,1,PhD,Administration,3,115604,4098,119702
862,Software Engineer,Male,18,1,High School,Sales,1,55555,4390,59945
863,Data Scientist,Male,58,1,PhD,Engineering,5,124166,3875,128041
864,IT,Male,50,2,Masters,Management,3,101050,3879,104929
865,Data Scientist,Female,56,1,College,Engineering,5,125828,3961,129789
866,Graphic Designer,Female,45,1,High School,Management,3,75017,5576,80593
867,Marketing Associate,Female,40,1,Masters,Engineering,4,100415,3871,104286
868,Manager,Female,57,1,Masters,Operations,3,145095,3889,148984
869,Data Scientist,Female,63,2,High School,Administration,5,115641,4339,119980
870,Software Engineer,Male,59,1,College,Sales,5,160460,2930,163390
871,Financial Analyst,Male,45,2,High School,Administration,2,85947,3909,89856
872,Financial Analyst,Female,48,1,College,Engineering,5,119058,4037,123095
873,Warehouse Associate,Female,56,1,College,Administration,4,106722,4044,110766
874,Financial Analyst,Female,41,2,PhD,Operations,3,91129,4825,95954
875,Graphic Designer,Male,59,1,PhD,Sales,4,135512,3955,139467
876,Financial Analyst,Female,49,2,College,Operations,1,92891,3578,96469
877,Financial Analyst,Male,64,3,High School,Administration,3,124151,3392,127543
878,Data Scientist,Female,58,1,High School,Sales,5,141005,3384,144389
879,Manager,Male,36,1,High School,Operations,2,115742,3661,119403
880,IT,Male,31,1,Masters,Sales,2,93358,3223,96581
881,IT,Female,44,1,High School,Sales,5,131411,3084,134495
882,Sales Associate,Female,61,2,College,Sales,1,96900,4157,101057
883,IT,Male,59,3,Masters,Sales,2,98995,4596,103591
884,IT,Male,57,3,High School,Sales,3,109645,5472,115117
885,Financial Analyst,Male,39,2,College,Sales,1,61609,3738,65347
886,Marketing Associate,Female,56,2,High School,Engineering,3,88820,4289,93109
887,Data Scientist,Male,61,1,Masters,Administration,5,122352,3590,125942
888,Marketing Associate,Female,53,1,Masters,Management,4,112489,4237,116726
889,Software Engineer,Male,29,1,High School,Sales,1,86650,3518,90168
890,Data Scientist,Male,62,3,High School,Operations,2,101284,4993,106277
891,Manager,Male,41,1,Masters,Sales,2,119794,3712,123506
892,Graphic Designer,Male,58,2,Masters,Operations,1,96609,3044,99653
893,Marketing Associate,Female,38,1,PhD,Engineering,1,53839,3270,57109
894,Financial Analyst,Male,29,1,Masters,Operations,2,84725,3274,87999
895,IT,Female,57,2,High School,Administration,1,64807,3887,68694
896,IT,Female,28,1,High School,Management,1,41151,4296,45447
897,Financial Analyst,Female,48,1,College,Administration,4,114031,4510,118541
898,Driver,Male,33,1,High School,Management,1,59493,3955,63448
899,Manager,Female,42,1,High School,Management,2,119893,3721,123614
900,Manager,Male,60,2,College,Sales,1,131980,3841,135821
901,Sales Associate,Female,52,1,High School,Sales,3,94154,3964,98118
902,Marketing Associate,Female,60,1,College,Management,4,114906,4766,119672
903,Driver,Female,63,1,Masters,Management,4,115981,2661,118642
904,Data Scientist,Male,37,1,PhD,Administration,2,78836,3588,82424
905,Driver,Male,64,2,Masters,Operations,2,112719,3382,116101
906,Marketing Associate,Female,59,1,Masters,Sales,3,93018,2730,95748
907,Marketing Associate,Female,55,2,College,Sales,2,69928,4811,74739
908,Software Engineer,Female,57,2,High School,Engineering,1,104623,3791,108414
909,Driver,Male,55,2,College,Administration,2,103328,4543,107871
910,Financial Analyst,Male,47,2,High School,Management,1,68643,4674,73317
911,Graphic Designer,Female,33,1,High School,Sales,1,63914,3521,67435
912,Sales Associate,Male,45,2,High School,Engineering,1,67296,4780,72076
913,Graphic Designer,Female,44,1,College,Sales,3,90474,3530,94004
914,Driver,Female,22,1,High School,Administration,1,60026,4605,64631
915,Marketing Associate,Female,41,1,PhD,Management,5,108587,4275,112862
916,Financial Analyst,Female,61,1,Masters,Engineering,4,139042,2982,142024
917,Driver,Male,65,1,High School,Operations,5,116803,3431,120234
918,Sales Associate,Female,57,1,Masters,Operations,3,101423,3641,105064
919,Software Engineer,Male,36,1,Masters,Operations,1,86375,3368,89743
920,IT,Male,31,1,College,Operations,1,49449,4149,53598
921,Marketing Associate,Female,56,2,High School,Sales,3,95995,4045,100040
922,Software Engineer,Male,51,1,College,Management,2,118282,3599,121881
923,IT,Female,47,1,PhD,Operations,3,99472,3943,103415
924,Manager,Female,55,1,High School,Administration,3,135638,2824,138462
925,IT,Male,50,1,College,Operations,3,85648,2728,88376
926,Data Scientist,Female,58,1,PhD,Management,4,121457,4723,126180
927,Data Scientist,Female,57,1,PhD,Operations,2,114141,3746,117887
928,Manager,Male,58,1,PhD,Management,4,179726,4284,184010
929,Marketing Associate,Female,64,1,College,Administration,5,107572,3107,110679
930,Sales Associate,Female,65,2,PhD,Sales,5,142505,4214,146719
931,Financial Analyst,Male,43,1,PhD,Sales,4,108719,4143,112862
932,IT,Male,36,1,High School,Sales,4,109832,3528,113360
933,Software Engineer,Male,60,1,PhD,Administration,4,127250,4263,131513
934,Sales Associate,Female,50,1,Masters,Sales,3,106279,3892,110171
935,Software Engineer,Male,37,1,High School,Sales,1,81547,3510,85057
936,Data Scientist,Male,56,1,Masters,Administration,2,95798,2530,98328
937,Manager,Female,47,1,High School,Management,3,106916,3959,110875
938,Manager,Male,59,2,PhD,Administration,1,124782,4618,129400
939,Warehouse Associate,Male,53,1,College,Operations,4,126256,3463,129719
940,IT,Female,59,1,PhD,Engineering,3,92257,3908,96165
941,Software Engineer,Male,62,1,High School,Sales,3,124660,2200,126860
942,IT,Female,32,2,High School,Engineering,1,59377,5236,64613
943,Marketing Associate,Female,38,1,PhD,Engineering,2,76726,4204,80930
944,IT,Female,54,1,High School,Engineering,5,112502,3988,116490
945,Data Scientist,Male,65,2,Masters,Sales,2,128730,3247,131977
946,Manager,Male,61,2,College,Sales,1,136836,4070,140906
947,IT,Male,51,1,High School,Engineering,3,89272,2600,91872
948,Financial Analyst,Female,62,1,High School,Operations,3,101515,2251,103766
949,Software Engineer,Male,36,1,Masters,Operations,1,93855,4099,97954
950,Graphic Designer,Male,30,1,College,Operations,2,36642,4388,41030
951,Sales Associate,Male,60,1,College,Operations,3,112604,3366,115970
952,Financial Analyst,Female,49,1,PhD,Engineering,1,67089,3078,70167
953,Driver,Female,51,1,PhD,Management,2,97789,3536,101325
954,Data Scientist,Male,62,1,PhD,Administration,3,123333,3353,126686
955,IT,Male,62,1,PhD,Management,2,105771,2978,108749
956,Marketing Associate,Female,46,1,College,Administration,1,54945,2991,57936
957,Data Scientist,Female,65,1,PhD,Operations,2,121239,3078,124317
958,Data Scientist,Female,64,2,High School,Sales,1,87314,3688,91002
959,Driver,Female,65,1,PhD,Operations,3,124530,3647,128177
960,Driver,Female,45,1,College,Sales,2,67150,3255,70405
961,Financial Analyst,Male,39,1,College,Engineering,4,99643,3789,103432
962,Sales Associate,Male,54,1,College,Administration,3,92468,3242,95710
963,Financial Analyst,Female,47,1,College,Operations,2,63300,3655,66955
964,IT,Male,55,2,Masters,Operations,1,91447,3196,94643
965,Marketing Associate,Female,58,2,High School,Operations,1,60271,3927,64198
966,Warehouse Associate,Male,34,1,Masters,Operations,1,45915,4765,50680
967,Marketing Associate,Female,53,1,Masters,Operations,1,66028,3745,69773
968,Sales Associate,Male,57,1,PhD,Administration,5,113031,3409,116440
969,Software Engineer,Male,62,1,High School,Sales,3,132815,3367,136182
970,Manager,Male,52,1,High School,Management,1,110078,1703,111781
971,Data Scientist,Male,57,1,Masters,Sales,3,106918,3180,110098
972,Software Engineer,Male,60,1,High School,Administration,3,106045,3079,109124
973,Warehouse Associate,Male,65,1,High School,Operations,2,107479,2051,109530
974,Software Engineer,Male,64,1,Masters,Sales,1,109606,2193,111799
975,Marketing Associate,Female,44,1,High School,Engineering,3,91300,3680,94980
976,Sales Associate,Male,56,1,High School,Management,1,88195,2375,90570
977,Financial Analyst,Female,54,1,Masters,Operations,2,90999,2963,93962
978,Sales Associate,Female,58,1,College,Operations,3,86795,3453,90248
979,IT,Female,59,1,College,Sales,3,110627,2041,112668
980,Marketing Associate,Female,52,1,PhD,Sales,3,97696,3888,101584
981,IT,Male,64,1,Masters,Sales,1,92950,2125,95075
982,Sales Associate,Male,56,1,High School,Operations,1,82164,2611,84775
983,Software Engineer,Male,62,1,High School,Management,3,119069,2788,121857
984,Marketing Associate,Female,59,1,College,Engineering,1,62738,2656,65394
985,IT,Female,53,1,High School,Administration,2,112169,2763,114932
986,Manager,Male,55,1,High School,Administration,1,120574,2683,123257
987,Data Scientist,Male,54,1,College,Sales,2,97311,3083,100394
988,Marketing Associate,Female,59,1,High School,Operations,3,98796,3042,101838
989,Sales Associate,Male,62,1,Masters,Administration,2,102593,1823,104416
990,Financial Analyst,Female,65,1,High School,Administration,2,96665,2645,99310
991,Graphic Designer,Female,61,1,Masters,Engineering,1,91030,3318,94348
992,IT,Female,65,1,Masters,Administration,1,106945,2041,108986
993,Graphic Designer,Female,63,1,College,Administration,2,81545,3418,84963
994,Marketing Associate,Female,65,1,Masters,Administration,1,80789,1884,82673
995,Marketing Associate,Female,64,1,PhD,Administration,2,85253,2777,88030
996,Marketing Associate,Female,61,1,High School,Administration,1,62644,3270,65914
997,Data Scientist,Male,57,1,Masters,Sales,2,108977,3567,112544
998,Financial Analyst,Male,48,1,High School,Operations,1,92347,2724,95071
999,Financial Analyst,Male,65,2,High School,Administration,1,97376,2225,99601
1000,Financial Analyst,Male,60,1,PhD,Sales,2,123108,2244,125352